{"stat.pickup.minecraft.bone":6,"stat.leaveGame":12,"stat.mineBlock.minecraft.cobblestone":32,"stat.mineBlock.minecraft.stained_glass_pane":6,"stat.mineBlock.minecraft.stained_glass":3,"stat.useItem.spartanweaponry.greatsword_iron":21,"stat.swimOneCm":4917,"stat.pickup.quark.glass_shards":12,"stat.drop.quark.glass_shards":12,"stat.climbOneCm":6652,"stat.craftItem.minecraft.shield":1,"stat.drop.minecraft.cobblestone":3,"stat.pickup.minecraft.porkchop":46,"stat.useItem.minecraft.stone_slab2":28,"stat.pickup.minecraft.rotten_flesh":38,"stat.craftItem.minecraft.furnace":2,"stat.craftItem.minecraft.stone_axe":1,"stat.craftItem.minecraft.iron_boots":1,"stat.craftItem.minecraft.stone_pickaxe":2,"stat.craftItem.minecraft.cooked_beef":44,"stat.pickup.minecraft.cobblestone":753,"stat.pickup.futuremc.sweet_berries":93,"stat.flyOneCm":281454,"stat.useItem.minecraft.cooked_beef":14,"stat.pickup.quark.tallow":47,"stat.pickup.minecraft.redstone":76,"stat.mineBlock.minecraft.iron_ore":123,"stat.timeSinceDeath":135157,"stat.useItem.minecraft.iron_pickaxe":449,"stat.pickup.minecraft.stained_hardened_clay":22,"stat.craftItem.minecraft.wooden_pickaxe":1,"stat.mineBlock.minecraft.brick_block":1,"stat.mineBlock.minecraft.coal_block":14,"stat.pickup.techguns.basicore":39,"stat.furnaceInteraction":58,"stat.craftItem.spartanweaponry.material":4,"stat.useItem.minecraft.cooked_porkchop":9,"stat.mineBlock.minecraft.coal_ore":170,"stat.pickup.srparasites.lurecomponent1":4,"stat.drop.minecraft.red_flower":1,"stat.pickup.minecraft.string":4,"stat.pickup.minecraft.beef":47,"stat.pickup.minecraft.furnace":3,"stat.craftItem.minecraft.stone_slab2":0,"stat.mineBlock.minecraft.stained_hardened_clay":43,"stat.sprintOneCm":183319,"stat.mineBlock.minecraft.stone_slab":3,"stat.craftItem.minecraft.stick":28,"stat.craftItem.minecraft.wooden_axe":1,"stat.useItem.minecraft.stone_slab":85,"stat.mineBlock.minecraft.diamond_ore":16,"stat.mineBlock.minecraft.crafting_table":7,"stat.useItem.minecraft.diamond_pickaxe":769,"stat.useItem.minecraft.beef":3,"stat.pickup.minecraft.bowl":1,"stat.deaths":2,"stat.mineBlock.minecraft.planks":4,"stat.drop":18,"stat.pickup.minecraft.egg":3,"stat.playOneMinute":160033,"stat.useItem.minecraft.wooden_sword":34,"stat.pickup.techguns.handcannon":1,"stat.craftItem.minecraft.iron_pickaxe":2,"stat.pickup.minecraft.golden_chestplate":1,"stat.craftItem.minecraft.diamond_pickaxe":1,"stat.craftItem.spartanweaponry.greatsword_iron":1,"stat.killEntity.Zombie":2,"stat.mineBlock.minecraft.gold_ore":14,"stat.mineBlock.minecraft.tallgrass":8,"stat.diveOneCm":5204,"stat.chestOpened":9,"stat.pickup.minecraft.arrow":6,"stat.drop.minecraft.cooked_beef":7,"stat.craftItem.minecraft.cooked_porkchop":13,"stat.useItem.minecraft.chicken":3,"stat.useItem.minecraft.apple":2,"stat.useItem.minecraft.porkchop":5,"stat.useItem.minecraft.rotten_flesh":2,"stat.drop.minecraft.cooked_porkchop":1,"stat.jump":2213,"stat.pickup.minecraft.coal":304,"stat.fallOneCm":31786,"stat.useItem.minecraft.stone_axe":72,"stat.crouchOneCm":49455,"stat.pickup.minecraft.spider_eye":1,"stat.craftItem.minecraft.iron_ingot":47,"stat.craftItem.minecraft.torch":24,"stat.craftItem.minecraft.iron_helmet":1,"stat.pickup.minecraft.dirt":27,"stat.drop.futuremc.sweet_berries":1,"stat.craftingTableInteraction":34,"stat.pickup.minecraft.iron_ore":150,"stat.pickup.minecraft.gold_ore":14,"stat.mineBlock.minecraft.lapis_ore":5,"stat.mineBlock.minecraft.glass_pane":4,"stat.damageTaken":2900,"stat.useItem.futuremc.sweet_berries":65,"stat.pickup.minecraft.feather":6,"stat.pickup.minecraft.leather":28,"stat.mineBlock.minecraft.torch":21,"stat.mineBlock.minecraft.red_flower":1,"stat.mineBlock.minecraft.furnace":3,"stat.useItem.minecraft.wooden_pickaxe":3,"stat.pickup.srparasites.assimilated_flesh":6,"stat.pickup.minecraft.dye":25,"stat.useItem.minecraft.stone_pickaxe":200,"stat.mineBlock.minecraft.glass":4,"stat.craftItem.minecraft.iron_leggings":1,"stat.damageDealt":8881,"stat.killEntity.Cow":28,"stat.useItem.minecraft.crafting_table":1,"stat.mineBlock.minecraft.dirt":66,"stat.killEntity.Pig":18,"stat.craftItem.minecraft.stone_slab":102,"stat.walkOneCm":374167,"stat.useItem.minecraft.torch":24,"stat.pickup.minecraft.crafting_table":6,"stat.useItem.minecraft.cobblestone":476,"stat.mineBlock.techguns.basicore":39,"stat.craftItem.minecraft.crafting_table":3,"stat.pickup.minecraft.log":11,"stat.drop.minecraft.iron_ore":4,"stat.pickup.usefulbackpacks.backpack":1,"stat.craftItem.minecraft.iron_chestplate":1,"stat.pickup.minecraft.chicken":3,"stat.useItem.minecraft.stained_hardened_clay":18,"stat.killEntity.Skeleton":4,"stat.pickup.minecraft.coal_block":14,"stat.mineBlock.minecraft.stonebrick":15,"stat.craftItem.minecraft.planks":44,"stat.killEntity.Chicken":3,"stat.killEntity.Spider":1,"stat.mineBlock.minecraft.quartz_ore":3,"stat.mobKills":72,"stat.mineBlock.minecraft.log":11,"stat.pickup.minecraft.quartz":1,"stat.pickup.minecraft.diamond":16,"stat.mineBlock.minecraft.leaves":3,"stat.pickup.minecraft.torch":19,"stat.pickup.minecraft.red_flower":1,"stat.mineBlock.minecraft.redstone_ore":16,"stat.sneakTime":16272,"stat.craftItem.minecraft.coal_block":17,"stat.useItem.minecraft.wooden_axe":65,"stat.pickup.minecraft.stone_slab":4,"stat.mineBlock.minecraft.stone":888}