{"stat.pickup.spartanweaponry.club_wood":1,"stat.pickup.minecraft.wooden_slab":1,"stat.leaveGame":25,"stat.useItem.minecraft.bookshelf":9,"stat.craftItem.minecraft.iron_axe":1,"stat.killEntity.Blaze":4,"stat.mineBlock.ic2.rubber_wood":16,"stat.mineBlock.minecraft.stained_glass":35,"stat.pickup.srparasites.parasitecanister":13,"stat.drop.minecraft.enchanted_book":3,"stat.drop.quark.glass_shards":60,"stat.useItem.minecraft.planks":2,"stat.mineBlock.minecraft.web":5,"stat.drop.minecraft.bowl":4,"stat.pickup.minecraft.rotten_flesh":136,"stat.craftItem.minecraft.golden_apple":2,"stat.craftItem.minecraft.stone_axe":3,"stat.mineBlock.nocubessrpnests.nestegg":14,"stat.pickup.minecraft.name_tag":6,"stat.pickup.minecraft.cobblestone_wall":17,"stat.mineBlock.minecraft.wooden_slab":1,"stat.pickup.minecraft.wooden_hoe":2,"stat.pickup.minecraft.leather_boots":1,"stat.useItem.minecraft.anvil":2,"stat.craftItem.minecraft.stone_sword":1,"stat.pickup.minecraft.brown_mushroom":1,"stat.pickup.quark.rune":7,"stat.killEntity.Witch":5,"stat.killEntity.techguns.ZombieFarmer":2,"stat.useItem.minecraft.iron_pickaxe":397,"stat.pickup.minecraft.stained_hardened_clay":386,"stat.craftItem.minecraft.wooden_pickaxe":1,"stat.pickup.spartanweaponry.greatsword_iron":2,"stat.mineBlock.minecraft.vine":1,"stat.pickup.techguns.basicore":9,"stat.craftItem.minecraft.golden_carrot":2,"stat.furnaceInteraction":23,"stat.craftItem.spartanweaponry.material":1,"stat.pickup.srparasites.lurecomponent2":1,"stat.pickup.srparasites.lurecomponent3":3,"stat.pickup.srparasites.lurecomponent1":24,"stat.pickup.minecraft.filled_map":1,"stat.pickup.minecraft.beef":28,"stat.pickup.minecraft.furnace":4,"stat.pickup.minecraft.leather_helmet":1,"stat.mineBlock.minecraft.stained_hardened_clay":270,"stat.useItem.minecraft.stained_glass":2,"stat.pickup.minecraft.iron_chestplate":2,"stat.pickup.tombstone.magic_scroll":1,"stat.drop.minecraft.furnace":1,"stat.pickup.minecraft.stone_stairs":1,"stat.pickup.minecraft.potion":6,"stat.pickup.srparasites.ada_manducater_drop":1,"stat.pickup.nocubessrpsurvival.ruptersalad":1,"stat.mineBlock.ic2.leaves":7,"stat.pickup.charm.totem_of_shielding":1,"stat.pickup.minecraft.bowl":10,"stat.deaths":3,"stat.pickup.spartanshields.shield_basic_obsidian":1,"stat.pickup.minecraft.egg":8,"stat.playOneMinute":226251,"stat.pickup.techguns.handcannon":3,"stat.pickup.minecraft.blaze_rod":1,"stat.craftItem.minecraft.iron_pickaxe":2,"stat.drop.techguns.handcannon":1,"stat.pickup.minecraft.iron_bars":3,"stat.drop.minecraft.glass_bottle":1,"stat.mineBlock.minecraft.tallgrass":8,"stat.chestOpened":112,"stat.pickup.minecraft.arrow":65,"stat.pickup.minecraft.wooden_pressure_plate":1,"stat.pickup.charm.charged_emerald":1,"stat.pickup.minecraft.gold_nugget":2,"stat.drop.minecraft.iron_pickaxe":1,"stat.fallOneCm":69010,"stat.pickup.minecraft.carrot":15,"stat.pickup.minecraft.melon_seeds":2,"stat.crouchOneCm":20380,"stat.mineBlock.minecraft.chest":5,"stat.craftItem.minecraft.chest":5,"stat.craftItem.minecraft.iron_ingot":6,"stat.useItem.minecraft.iron_hoe":16,"stat.craftingTableInteraction":57,"stat.mineBlock.minecraft.log2":4,"stat.pickup.minecraft.wooden_pickaxe":1,"stat.useItem.futuremc.sweet_berries":42,"stat.pickup.minecraft.feather":2,"stat.killEntity.techguns.ZombieMiner":6,"stat.useItem.minecraft.furnace":1,"stat.pickup.minecraft.dye":14,"stat.pickup.minecraft.planks":91,"stat.pickup.minecraft.iron_leggings":2,"stat.killEntity.Llama":4,"stat.pickup.minecraft.wheat_seeds":12,"stat.pickup.techguns.t1_miner_chestplate":5,"stat.useItem.minecraft.stone_pickaxe":260,"stat.mineBlock.minecraft.glass":6,"stat.useItem.minecraft.stone_sword":80,"stat.mineBlock.minecraft.dirt":30,"stat.drop.minecraft.iron_axe":1,"stat.pickup.minecraft.brewing_stand":4,"stat.useItem.minecraft.torch":55,"stat.useItem.minecraft.bread":7,"stat.drop.tombstone.crafting_ingredient":2,"stat.drop.minecraft.rotten_flesh":64,"stat.pickup.minecraft.crafting_table":5,"stat.useItem.minecraft.cobblestone":93,"stat.craftItem.minecraft.crafting_table":6,"stat.mineBlock.minecraft.double_plant":1,"stat.drop.srparasites.parasitecanister":2,"stat.pickup.minecraft.iron_hoe":2,"stat.pickup.minecraft.log":52,"stat.drop.minecraft.stonebrick":1,"stat.pickup.minecraft.iron_pickaxe":4,"stat.pickup.usefulbackpacks.backpack":5,"stat.craftItem.minecraft.gold_ingot":18,"stat.craftItem.usefulbackpacks.backpack":1,"stat.drop.minecraft.planks":3,"stat.craftItem.quark.custom_bookshelf":4,"stat.pickup.minecraft.apple":2,"stat.craftItem.minecraft.planks":188,"stat.useItem.nocubessrpsurvival.ruptersalad":9,"stat.pickup.minecraft.book":395,"stat.useItem.minecraft.stonebrick":1,"stat.mineBlock.minecraft.log":27,"stat.pickup.charm.bat_bucket":2,"stat.useItem.carryon.entity_item":11,"stat.pickup.minecraft.iron_door":8,"stat.pickup.minecraft.red_flower":2,"stat.sneakTime":11887,"stat.pickup.minecraft.wool":9,"stat.mineBlock.minecraft.cobblestone_wall":14,"stat.entityKilledBy.Blaze":1,"stat.useItem.minecraft.baked_potato":15,"stat.useItem.minecraft.wooden_axe":9,"stat.pickup.minecraft.stone_slab":9,"stat.drop.minecraft.wooden_axe":1,"stat.pickup.minecraft.chest":4,"stat.pickup.minecraft.bone":31,"stat.useItem.minecraft.iron_axe":194,"stat.mineBlock.quark.variant_leaves":1,"stat.drop.minecraft.stone_shovel":1,"stat.mineBlock.minecraft.cobblestone":75,"stat.pickup.minecraft.stone_pickaxe":3,"stat.drop.spartanweaponry.rapier_iron":1,"stat.pickup.minecraft.leather_chestplate":4,"stat.mineBlock.srparasites.gore":41,"stat.craftItem.minecraft.wool":3,"stat.mineBlock.minecraft.stained_glass_pane":20,"stat.useItem.spartanweaponry.greatsword_iron":185,"stat.swimOneCm":2262,"stat.pickup.quark.glass_shards":135,"stat.climbOneCm":64181,"stat.pickup.minecraft.enchanted_book":6,"stat.useItem.spartanweaponry.rapier_iron":209,"stat.pickup.capsule.capsule":8,"stat.pickup.spartanshields.shield_basic_iron":1,"stat.drop.minecraft.cobblestone":14,"stat.pickup.minecraft.golden_helmet":1,"stat.useItem.minecraft.dirt":6,"stat.useItem.minecraft.stone_slab2":82,"stat.pickup.minecraft.bow":1,"stat.pickup.spartanweaponry.rapier_iron":3,"stat.pickup.minecraft.stone_hoe":3,"stat.pickup.minecraft.enchanting_table":3,"stat.useItem.minecraft.egg":1,"stat.pickup.minecraft.anvil":4,"stat.craftItem.minecraft.stone_pickaxe":3,"stat.craftItem.minecraft.cooked_beef":18,"stat.pickup.minecraft.cobblestone":403,"stat.craftItem.minecraft.chainmail_helmet":1,"stat.pickup.futuremc.sweet_berries":42,"stat.useItem.minecraft.stone_shovel":9,"stat.flyOneCm":587872,"stat.pickup.minecraft.glass_bottle":5,"stat.useItem.minecraft.cooked_beef":45,"stat.craftItem.minecraft.wooden_slab":18,"stat.craftItem.minecraft.stained_glass":6,"stat.pickup.minecraft.redstone":42,"stat.timeSinceDeath":81228,"stat.useItem.minecraft.wooden_slab":16,"stat.pickup.minecraft.wooden_axe":2,"stat.pickup.minecraft.chainmail_helmet":6,"stat.pickup.minecraft.stonebrick":17,"stat.mineBlock.minecraft.enchanting_table":3,"stat.drop.minecraft.dirt":3,"stat.mineBlock.minecraft.coal_ore":25,"stat.pickup.minecraft.wooden_sword":1,"stat.pickup.minecraft.string":43,"stat.pickup.spartanweaponry.material":1,"stat.mineBlock.minecraft.ladder":2,"stat.pickup.tombstone.crafting_ingredient":4,"stat.craftItem.minecraft.stone_slab2":0,"stat.sprintOneCm":365355,"stat.mineBlock.minecraft.stone_slab":13,"stat.craftItem.minecraft.stick":40,"stat.craftItem.minecraft.wooden_axe":1,"stat.useItem.minecraft.stone_slab":116,"stat.useItem.carryon.tile_item":9,"stat.craftItem.minecraft.gold_nugget":18,"stat.pickup.nocubessrpnests.organicsample":48,"stat.mineBlock.minecraft.crafting_table":6,"stat.mineBlock.minecraft.quartz_block":6,"stat.useItem.minecraft.carrot":2,"stat.pickup.minecraft.leather_leggings":2,"stat.mineBlock.minecraft.planks":1,"stat.drop":46,"stat.useItem.minecraft.wooden_sword":54,"stat.useItem.minecraft.ladder":1,"stat.craftItem.minecraft.emerald":9,"stat.pickup.minecraft.golden_chestplate":1,"stat.killEntity.Zombie":73,"stat.diveOneCm":8686,"stat.pickup.minecraft.wheat":4,"stat.craftItem.spartanweaponry.rapier_iron":1,"stat.mineBlock.minecraft.anvil":4,"stat.pickup.minecraft.obsidian":3,"stat.useItem.minecraft.rotten_flesh":24,"stat.jump":3354,"stat.pickup.minecraft.coal":205,"stat.pickup.minecraft.iron_helmet":2,"stat.useItem.minecraft.stone_axe":174,"stat.pickup.minecraft.gunpowder":66,"stat.pickup.minecraft.spider_eye":19,"stat.craftItem.minecraft.torch":88,"stat.pickup.minecraft.dirt":107,"stat.pickup.minecraft.stone_shovel":2,"stat.mineBlock.minecraft.iron_bars":4,"stat.pickup.minecraft.iron_axe":6,"stat.brewingstandInteraction":1,"stat.mineBlock.minecraft.stone_stairs":1,"stat.damageTaken":7620,"stat.pickup.minecraft.leather":18,"stat.mineBlock.minecraft.torch":11,"stat.mineBlock.minecraft.furnace":1,"stat.useItem.minecraft.wooden_pickaxe":8,"stat.pickup.srparasites.assimilated_flesh":27,"stat.pickup.minecraft.log2":4,"stat.pickup.ic2.rubber_wood":16,"stat.pickup.minecraft.bed":1,"tombstone:undead_killed":6,"stat.pickup.minecraft.potato":40,"stat.pickup.srparasites.canisteractive":2,"stat.entityKilledBy.Zombie":1,"stat.damageDealt":45256,"stat.craftItem.minecraft.bowl":8,"stat.craftItem.minecraft.baked_potato":15,"stat.killEntity.Cow":13,"stat.craftItem.minecraft.stone_slab":114,"stat.craftItem.minecraft.stone_shovel":1,"stat.pickup.techguns.itemshared":372,"stat.walkOneCm":712114,"stat.useItem.quark.custom_chest":1,"stat.useItem.minecraft.chest":1,"stat.pickup.minecraft.stick":7,"stat.craftItem.quark.custom_chest":2,"stat.pickup.techguns.t1_miner_boots":2,"stat.useItem.minecraft.lava_bucket":3,"stat.mineBlock.srparasites.canisteractive":1,"stat.drop.nocubessrpsurvival.ruptersalad":1,"stat.pickup.minecraft.stone":2,"stat.useItem.minecraft.stained_hardened_clay":148,"stat.useItem.quark.custom_bookshelf":3,"stat.craftItem.nocubessrpsurvival.ruptersalad":11,"stat.pickup.minecraft.ladder":6,"stat.pickup.minecraft.cooked_beef":5,"stat.killEntity.Skeleton":15,"stat.mineBlock.quark.custom_bookshelf":4,"stat.craftItem.minecraft.bookshelf":14,"stat.mineBlock.minecraft.stonebrick":20,"stat.killEntity.Chicken":1,"stat.killEntity.techguns.AlienBug":3,"stat.killEntity.Spider":30,"stat.pickup.minecraft.bread":9,"stat.mobKills":264,"stat.mineBlock.minecraft.bookshelf":60,"stat.useItem.minecraft.golden_apple":2,"stat.useItem.minecraft.cobblestone_wall":1,"stat.pickup.srparasites.ada_reeker_drop":1,"stat.mineBlock.minecraft.leaves":30,"stat.mineBlock.srparasites.parasitecanister":9,"stat.pickup.minecraft.torch":150,"stat.pickup.minecraft.lava_bucket":4,"stat.mineBlock.minecraft.stone":121}