{"stat.useItem.minecraft.quartz_block":1,"stat.craftItem.minecraft.diamond_hoe":1,"stat.leaveGame":75,"stat.pickup.tombstone.familiar_stone":1,"stat.useItem.minecraft.glowstone":1,"stat.craftItem.minecraft.ender_eye":2,"stat.pickup.securitycraft.reinforced_stained_glass":8,"stat.mineBlock.minecraft.stained_glass":15,"stat.entityKilledBy.techguns.ZombieFarmer":3,"stat.mineBlock.minecraft.web":11,"stat.pickup.quark.ancient_tome":2,"stat.pickup.minecraft.rotten_flesh":22,"stat.useItem.minecraft.diamond_hoe":244,"stat.craftItem.minecraft.stone_axe":2,"stat.craftItem.futuremc.campfire":1,"stat.pickup.minecraft.cobblestone_wall":10,"stat.pickup.minecraft.bucket":1,"stat.useItem.srparasites.parasitecanister":1,"stat.killEntity.Enderman":2,"stat.pickup.minecraft.leather_boots":1,"stat.entityKilledBy.techguns.ZombieSoldier":1,"stat.mineBlock.minecraft.emerald_block":2,"stat.pickup.quark.tallow":53,"stat.useItem.minecraft.iron_pickaxe":2086,"stat.pickup.securitycraft.universal_block_remover":4,"stat.pickup.minecraft.stained_hardened_clay":140,"stat.craftItem.minecraft.wooden_pickaxe":1,"stat.craftItem.spartanweaponry.boomerang_iron":1,"stat.craftItem.minecraft.glass_pane":16,"stat.pickup.techguns.basicore":183,"stat.furnaceInteraction":227,"stat.craftItem.spartanweaponry.material":6,"stat.pickup.minecraft.beef":52,"stat.pickup.minecraft.leather_helmet":3,"stat.pickup.minecraft.cauldron":1,"stat.mineBlock.minecraft.stained_hardened_clay":48,"stat.useItem.minecraft.fence":40,"stat.pickup.nocubessrparmory.gorerapier":1,"stat.pickup.tombstone.gift":2,"stat.pickup.minecraft.potion":7,"stat.pickup.securitycraft.reinforced_planks":1,"stat.useItem.minecraft.flint_and_steel":2,"stat.mineBlock.minecraft.fence":1,"stat.useItem.minecraft.wheat_seeds":101,"stat.pickup.minecraft.emerald":19,"stat.craftItem.securitycraft.laser_block":5,"stat.mineBlock.quark.crystal":8,"stat.deaths":78,"stat.pickup.minecraft.bowl":6,"stat.pickup.securitycraft.reinforced_dirt":4,"stat.pickup.techguns.t1_miner_helmet":5,"stat.craftItem.minecraft.iron_pickaxe":7,"stat.entityKilledBy.techguns.ZombiePigmanSoldier":5,"stat.craftItem.minecraft.repeater":2,"stat.mineBlock.minecraft.tallgrass":109,"stat.craftItem.minecraft.cooked_mutton":7,"stat.pickup.minecraft.cooked_mutton":3,"stat.chestOpened":533,"stat.drop.srparasites.lurecomponent1":1,"stat.craftItem.capsule.capsulemarker":1,"stat.useItem.spartanweaponry.boomerang_iron":32,"stat.pickup.minecraft.arrow":73,"stat.pickup.minecraft.iron_sword":1,"stat.pickup.minecraft.gold_nugget":21,"stat.drop.minecraft.iron_pickaxe":1,"stat.pickup.minecraft.carrot":98,"stat.drop.minecraft.stone_sword":1,"stat.useItem.securitycraft.reinforced_stairs_cobblestone":42,"stat.crouchOneCm":546868,"stat.mineBlock.minecraft.chest":6,"stat.pickup.minecraft.rail":11,"stat.craftItem.minecraft.iron_ingot":96,"stat.killEntity.futuremc:tropical_fish":1,"stat.craftingTableInteraction":190,"stat.pickup.minecraft.repeater":2,"stat.mineBlock.minecraft.log2":3,"stat.pickup.minecraft.wooden_pickaxe":9,"stat.useItem.futuremc.sweet_berries":6,"stat.pickup.minecraft.dye":10,"stat.pickup.minecraft.planks":252,"stat.drop.minecraft.minecart":2,"stat.pickup.minecraft.wheat_seeds":235,"stat.pickup.techguns.t1_miner_chestplate":1,"stat.mineBlock.minecraft.glass":20,"stat.killEntity.techguns.ZombiePigmanSoldier":14,"stat.mineBlock.minecraft.dirt":649,"stat.pickup.minecraft.poisonous_potato":14,"stat.mineBlock.quark.biome_cobblestone":1,"stat.pickup.securitycraft.reinforced_glass_block":329,"stat.useItem.minecraft.bread":15,"stat.useItem.securitycraft.reinforced_glass_block":296,"stat.useItem.minecraft.cobblestone":994,"stat.useItem.minecraft.gravel":32,"stat.mineBlock.minecraft.double_plant":4,"stat.drop.srparasites.parasitecanister":2,"stat.minecartOneCm":423968,"stat.pickup.securitycraft.reinforced_stone":46,"stat.pickup.minecraft.iron_pickaxe":7,"stat.craftItem.minecraft.gold_ingot":9,"stat.pickup.minecraft.chicken":4,"stat.useItem.securitycraft.scanner_door_item":1,"stat.pickup.minecraft.apple":31,"stat.craftItem.minecraft.bucket":1,"stat.craftItem.minecraft.planks":323,"stat.useItem.minecraft.iron_sword":65,"stat.pickup.futuremc.cornflower":6,"stat.useItem.securitycraft.universal_block_remover":558,"stat.pickup.minecraft.stone_sword":10,"stat.pickup.minecraft.book":57,"stat.useItem.minecraft.stonebrick":10,"stat.mineBlock.minecraft.log":122,"stat.craftItem.quark.spruce_button":1,"stat.useItem.carryon.entity_item":12,"stat.pickup.minecraft.iron_door":1,"stat.pickup.minecraft.red_flower":2,"stat.pickup.minecraft.wool":7,"stat.useItem.minecraft.iron_axe":244,"stat.mineBlock.minecraft.cobblestone":193,"stat.pickup.minecraft.stone_pickaxe":6,"stat.pickup.minecraft.flint":11,"stat.useItem.techguns.basicore":4,"stat.mineBlock.minecraft.yellow_flower":1,"stat.pickup.minecraft.leather_chestplate":4,"stat.mineBlock.srparasites.gore":196,"stat.craftItem.minecraft.wool":1,"stat.mineBlock.minecraft.stained_glass_pane":17,"stat.craftItem.techguns.goldenrevolver":2,"stat.drop.minecraft.cobblestone":4,"stat.pickup.minecraft.cooked_porkchop":29,"stat.killEntity.techguns.ZombieSoldier":5,"stat.useItem.minecraft.obsidian":10,"stat.useItem.minecraft.stone_slab2":237,"stat.pickup.minecraft.bow":1,"stat.pickup.minecraft.iron_boots":6,"stat.craftItem.minecraft.furnace":7,"stat.pickup.securitycraft.reinforced_stairs_cobblestone":42,"stat.craftItem.minecraft.iron_boots":1,"stat.mineBlock.minecraft.obsidian":12,"stat.craftItem.minecraft.bow":2,"stat.pickup.sapturretmod.turret_assembly":1,"stat.pickup.minecraft.diamond_hoe":1,"stat.pickup.futuremc.sweet_berries":10,"stat.flyOneCm":1973660,"stat.pickup.minecraft.fish":2,"stat.craftItem.minecraft.stained_glass":9,"stat.timeSinceDeath":14862,"stat.craftItem.securitycraft.reinforced_stairs_cobblestone":24,"stat.useItem.minecraft.potato":200,"stat.mineBlock.minecraft.coal_ore":143,"stat.killEntity.Creeper":3,"stat.pickup.minecraft.wooden_sword":5,"stat.pickup.minecraft.string":46,"stat.mineBlock.minecraft.ladder":2,"stat.drop.usefulbackpacks.backpack":5,"stat.pickup.tombstone.crafting_ingredient":9,"stat.pickup.techguns.t1_scout_helmet":1,"stat.pickup.nocubessrpsurvival.redflesh":36,"stat.killEntity.Squid":1,"stat.sprintOneCm":1865600,"stat.useItem.minecraft.diamond_shovel":450,"stat.craftItem.nocubessrpsurvival.assimilatedsoup":4,"stat.drop.minecraft.leather":2,"stat.mineBlock.minecraft.stone_slab":98,"stat.pickup.ic2.resource":167,"stat.useItem.tombstone.magic_scroll":3,"stat.useItem.carryon.tile_item":3,"stat.mineBlock.minecraft.diamond_ore":8,"stat.useItem.minecraft.snowball":24,"stat.pickup.minecraft.leather_leggings":4,"stat.useItem.minecraft.wooden_sword":79,"stat.useItem.minecraft.ladder":8,"stat.pickup.minecraft.iron_block":4,"stat.killEntity.Zombie":15,"stat.pickup.minecraft.snowball":37,"stat.craftItem.securitycraft.scanner_door_item":2,"stat.mineBlock.minecraft.gold_ore":55,"stat.diveOneCm":135636,"stat.drop.minecraft.diamond_pickaxe":2,"stat.pickup.minecraft.wheat":180,"stat.pickup.securitycraft.reinforced_grass":4,"stat.craftItem.minecraft.ladder":6,"stat.pickup.minecraft.stone_axe":6,"stat.pickup.minecraft.obsidian":19,"stat.useItem.minecraft.rotten_flesh":3,"stat.drop.minecraft.apple":2,"stat.jump":13317,"stat.useItem.minecraft.sand":17,"stat.pickup.minecraft.coal":282,"stat.pickup.minecraft.iron_ingot":178,"stat.pickup.minecraft.gunpowder":131,"stat.useItem.securitycraft.reinforced_glowstone":4,"stat.craftItem.minecraft.torch":92,"stat.pickup.minecraft.dirt":803,"stat.pickup.techguns.t2_combat_helmet":3,"stat.craftItem.securitycraft.reinforced_stone_pressure_plate":2,"stat.useItem.minecraft.glass":17,"stat.pickup.minecraft.stone_shovel":5,"stat.pickup.minecraft.gold_ore":53,"stat.useItem.minecraft.sapling":23,"stat.mineBlock.minecraft.lapis_ore":1,"stat.pickup.minecraft.iron_axe":1,"tombstone:sneak_grave":1,"stat.damageTaken":41323,"stat.mineBlock.minecraft.torch":45,"stat.pickup.srparasites.assimilated_flesh":73,"stat.useItem.securitycraft.reinforced_stone":5,"stat.pickup.minecraft.log2":3,"stat.craftItem.minecraft.comparator":1,"stat.craftItem.minecraft.glowstone":8,"stat.useItem.nocubessrparmory.gorerapier":1,"stat.pickup.minecraft.bed":12,"stat.craftItem.sapturretmod.turret_assembly":1,"stat.pickup.minecraft.quartz_block":16,"stat.pickup.minecraft.potato":1124,"stat.drop.securitycraft.wire_cutters":1,"stat.craftItem.futuremc.stonecutter":1,"stat.craftItem.securitycraft.universal_block_reinforcer_lvl2":1,"stat.craftItem.securitycraft.universal_block_reinforcer_lvl1":3,"stat.pickup.techguns.itemshared":347,"stat.animalsBred":6,"stat.useItem.minecraft.chest":26,"stat.pickup.minecraft.diamond_pickaxe":8,"stat.useItem.minecraft.lava_bucket":35,"stat.useItem.minecraft.gold_ore":1,"stat.mineBlock.srparasites.canisteractive":3,"stat.pickup.techguns.thompson":1,"stat.useItem.minecraft.melon":29,"stat.useItem.tombstone.gift":1,"stat.craftItem.minecraft.iron_chestplate":2,"stat.pickup.minecraft.baked_potato":16,"stat.useItem.minecraft.stained_hardened_clay":10,"stat.useItem.securitycraft.reinforced_grass":2,"stat.pickup.minecraft.cooked_beef":134,"stat.pickup.minecraft.ladder":8,"stat.craftItem.techguns.itemshared":433,"stat.mineBlock.minecraft.stonebrick":112,"stat.mineBlock.minecraft.glowstone":23,"stat.mobKills":522,"stat.mineBlock.minecraft.bookshelf":4,"stat.craftItem.minecraft.shears":3,"stat.useItem.minecraft.cobblestone_wall":1,"stat.pickup.minecraft.diamond":60,"stat.pickup.minecraft.beetroot_seeds":6,"stat.pickup.minecraft.iron_horse_armor":2,"stat.pickup.minecraft.torch":104,"stat.craftItem.minecraft.compass":1,"stat.craftItem.spartanshields.shield_tower_iron":1,"stat.pickup.securitycraft.reinforced_gravel":5,"stat.useItem.nocubessrpsurvival.assimilatedsoup":4,"stat.useItem.techguns.chainsaw":5,"stat.entityKilledBy.techguns.ZombieMiner":1,"stat.craftItem.minecraft.iron_axe":1,"stat.killEntity.Blaze":3,"stat.pickup.srparasites.parasitecanister":42,"stat.useItem.minecraft.planks":22,"stat.pickup.minecraft.glowstone_dust":91,"stat.pickup.minecraft.porkchop":15,"stat.pickup.securitycraft.reinforced_obsidian":2,"stat.useItem.minecraft.water_bucket":19,"stat.drop.minecraft.poisonous_potato":1,"stat.pickup.minecraft.sand":215,"stat.entityKilledBy.Spider":2,"stat.pickup.minecraft.wooden_hoe":2,"stat.craftItem.minecraft.stone_sword":2,"stat.craftItem.techguns.handcannon":1,"stat.mineBlock.minecraft.sand":100,"stat.pickup.securitycraft.reinforced_cobblestone":1740,"stat.pickup.quark.rune":2,"stat.killEntity.techguns.ZombieFarmer":21,"stat.craftItem.minecraft.blaze_powder":4,"stat.hopperInspected":1,"stat.useItem.securitycraft.reinforced_cobblestone":1210,"stat.pickup.securitycraft.laser_block":1,"stat.pickup.minecraft.ghast_tear":2,"stat.pickup.srparasites.lurecomponent2":1,"stat.pickup.srparasites.lurecomponent3":9,"stat.pickup.srparasites.lurecomponent1":71,"stat.pickup.srparasites.lurecomponent4":1,"stat.pickup.quark.crystal":9,"stat.pickup.nocubessrparmory.gorepart":8,"stat.pickup.minecraft.furnace":6,"stat.useItem.minecraft.cooked_mutton":10,"stat.drop.minecraft.stained_hardened_clay":2,"stat.pickup.securitycraft.reinforced_stone_pressure_plate":2,"stat.pickup.minecraft.iron_chestplate":4,"stat.useItem.minecraft.stone_stairs":2,"stat.pickup.tombstone.magic_scroll":5,"stat.killEntity.techguns.CyberDemon":7,"stat.mineBlock.sapturretmod.turret_assembly":1,"stat.killEntity.Horse":1,"stat.pickup.minecraft.stone_stairs":1,"stat.pickup.spartanshields.shield_basic_obsidian":1,"stat.playOneMinute":1132365,"stat.pickup.techguns.handcannon":6,"stat.pickup.minecraft.blaze_rod":2,"stat.useItem.nocubessrparmory.thereapertrue":34,"stat.drop.securitycraft.universal_block_reinforcer_lvl1":1,"stat.drop.techguns.handcannon":2,"stat.pickup.minecraft.diamond_block":1,"stat.craftItem.minecraft.diamond_block":3,"stat.pickup.minecraft.iron_bars":7,"stat.pickup.minecraft.netherrack":7,"stat.pickup.minecraft.pumpkin":1,"stat.recordPlayed":1,"stat.mineBlock.minecraft.netherrack":18,"stat.mineBlock.minecraft.ice":6,"stat.pickup.charm.charged_emerald":1,"stat.pickup.securitycraft.wire_cutters":1,"stat.mineBlock.minecraft.gold_block":1,"stat.fallOneCm":175234,"stat.craftItem.minecraft.chest":25,"stat.useItem.securitycraft.reinforced_stained_glass":1,"stat.pickup.minecraft.red_mushroom":4,"stat.pickup.minecraft.melon":25,"stat.useItem.nocubessrpsurvival.flesheater":490,"stat.useItem.minecraft.iron_hoe":214,"stat.pickup.minecraft.comparator":1,"stat.mineBlock.ic2.resource":54,"stat.useItem.securitycraft.reinforced_dirt":1,"stat.pickup.minecraft.record_cat":3,"stat.killEntity.techguns.ZombieMiner":18,"stat.pickup.minecraft.iron_leggings":4,"stat.pickup.spartanweaponry.boomerang_iron":2,"stat.mineBlock.minecraft.gravel":66,"stat.useItem.minecraft.stone_pickaxe":217,"stat.useItem.minecraft.stone_sword":169,"stat.craftItem.minecraft.iron_leggings":1,"stat.drop.minecraft.diamond_hoe":1,"stat.pickup.securitycraft.scanner_door_item":2,"stat.useItem.minecraft.torch":148,"stat.pickup.securitycraft.reinforced_glowstone":6,"stat.pickup.minecraft.golden_apple":1,"stat.craftItem.minecraft.redstone_block":6,"stat.craftItem.minecraft.stone_stairs":16,"stat.pickup.minecraft.crafting_table":15,"stat.mineBlock.techguns.basicore":144,"stat.craftItem.minecraft.crafting_table":3,"stat.pickup.techguns.chainsaw":1,"stat.mineBlock.quark.stone_speleothem":4,"stat.pickup.minecraft.iron_hoe":2,"stat.mineBlock.minecraft.emerald_ore":10,"stat.craftItem.srparasites.evolutionlure":4,"stat.pickup.minecraft.log":120,"stat.pickup.usefulbackpacks.backpack":11,"stat.craftItem.usefulbackpacks.backpack":2,"stat.drop.nocubessrparmory.gorerapier":1,"stat.pickup.nocubessrparmory.pestilentarmorboots":1,"stat.pickup.minecraft.sapling":34,"stat.pickup.minecraft.wooden_door":10,"stat.mineBlock.minecraft.iron_block":3,"stat.pickup.srparasites.bone":1,"stat.mineBlock.overlast.red_leaves":28,"stat.craftItem.spartanshields.shield_tower_wood":1,"stat.killEntity.WitherSkeleton":2,"stat.drop.securitycraft.universal_block_remover":3,"stat.sneakTime":167273,"stat.mineBlock.minecraft.cobblestone_wall":8,"stat.useItem.minecraft.baked_potato":100,"stat.pickup.minecraft.stone_slab":167,"stat.pickup.minecraft.yellow_flower":8,"stat.pickup.minecraft.golden_rail":2,"stat.drop.minecraft.wooden_axe":1,"stat.pickup.minecraft.chest":13,"stat.drop.minecraft.stone_pickaxe":1,"stat.pickup.minecraft.bone":104,"stat.pickup.minecraft.redstone_torch":14,"stat.horseOneCm":5001,"stat.mineBlock.charm.crate_sealed":2,"stat.useItem.spartanweaponry.greatsword_iron":347,"stat.swimOneCm":128238,"stat.mineBlock.minecraft.diamond_block":1,"stat.pickup.quark.glass_shards":206,"stat.climbOneCm":57687,"stat.pickup.capsule.capsule":37,"stat.mineBlock.quark.roots":3,"stat.pickup.nocubessrparmory.pestilentarmorbody":1,"stat.useItem.minecraft.dirt":411,"stat.drop.securitycraft.reinforced_cobblestone":20,"stat.pickup.charm.record_creative2":1,"stat.pickup.minecraft.enchanting_table":2,"stat.pickup.securitycraft.reinforced_metals":2,"stat.pickup.minecraft.anvil":1,"stat.useItem.minecraft.iron_ore":1,"stat.craftItem.minecraft.stone_pickaxe":2,"stat.pickup.minecraft.cobblestone":4854,"stat.pickup.minecraft.gold_block":10,"stat.pickup.quark.biome_cobblestone":3,"stat.useItem.minecraft.stone_shovel":73,"stat.mineBlock.quark.custom_chest":2,"stat.drop.minecraft.wheat_seeds":3,"stat.craftItem.quark.vertical_planks":3,"stat.mineBlock.charm.nether_gold_deposit":18,"stat.useItem.minecraft.cooked_beef":65,"stat.pickup.minecraft.redstone":634,"stat.mineBlock.minecraft.iron_ore":251,"stat.pickup.minecraft.mutton":24,"stat.drop.quark.crystal":1,"stat.killEntity.techguns.SkeletonSoldier":4,"stat.pickup.minecraft.wooden_axe":6,"stat.pickup.minecraft.stonebrick":144,"stat.drop.minecraft.dirt":1,"stat.useItem.minecraft.cooked_porkchop":51,"stat.pickup.minecraft.iron_shovel":1,"stat.pickup.minecraft.diamond_shovel":1,"stat.entityKilledBy.techguns.PsychoSteve":1,"stat.pickup.spartanweaponry.material":16,"stat.craftItem.minecraft.stone_slab2":0,"stat.pickup.spartanshields.shield_tower_iron":1,"stat.craftItem.minecraft.stick":164,"stat.pickup.srparasites.dispatchern":1,"stat.useItem.minecraft.stone_slab":26,"stat.craftItem.minecraft.stone":56,"stat.craftItem.minecraft.gold_nugget":9,"stat.pickup.minecraft.grass":4,"stat.pickup.techguns.t1_miner_leggings":1,"stat.mineBlock.minecraft.crafting_table":1,"stat.mineBlock.minecraft.quartz_block":1,"stat.useItem.minecraft.diamond_pickaxe":2377,"stat.useItem.minecraft.carrot":71,"stat.drop.capsule.capsule":16,"stat.entityKilledBy.Creeper":1,"stat.useItem.charm.record_creative2":1,"stat.mineBlock.minecraft.planks":12,"stat.drop":105,"stat.useItem.nocubessrparmory.bolsterclaw":20,"stat.craftItem.spartanweaponry.greatsword_iron":1,"stat.craftItem.securitycraft.retinal_scanner":2,"stat.craftItem.securitycraft.universal_block_remover":3,"stat.mineBlock.srparasites.dispatchern":1,"stat.pickup.minecraft.gravel":85,"stat.drop.minecraft.cooked_beef":1,"stat.drop.securitycraft.scanner_door_item":1,"stat.mineBlock.minecraft.anvil":1,"stat.pickup.nocubessrpsurvival.flesheater":1,"stat.useItem.minecraft.apple":14,"stat.drop.minecraft.cooked_porkchop":19,"stat.pickup.minecraft.stone_brick_stairs":2,"stat.pickup.minecraft.fence":1,"stat.pickup.minecraft.iron_helmet":2,"stat.useItem.minecraft.stone_axe":140,"stat.craftItem.minecraft.bread":3,"stat.pickup.minecraft.spider_eye":29,"stat.craftItem.minecraft.iron_helmet":2,"stat.drop.minecraft.bed":1,"stat.pickup.minecraft.iron_ore":356,"stat.mineBlock.minecraft.iron_bars":2,"stat.craftItem.minecraft.flint_and_steel":4,"stat.entityKilledBy.techguns.SkeletonSoldier":1,"stat.pickup.nocubessrparmory.pestilentarmorhelmet":1,"stat.pickup.minecraft.leaves":183,"stat.pickup.quark.custom_chest":4,"stat.mineBlock.minecraft.stone_stairs":1,"stat.pickup.minecraft.leather":61,"stat.drop.minecraft.iron_hoe":1,"stat.craftItem.techguns.revolver":2,"stat.mineBlock.minecraft.furnace":2,"stat.useItem.minecraft.wooden_pickaxe":37,"tombstone:undead_killed":59,"stat.pickup.minecraft.emerald_block":9,"stat.pickup.srparasites.canisteractive":16,"stat.useItem.srparasites.evolutionlure":1,"stat.pickup.srparasites.ada_bolster_drop":3,"stat.pickup.minecraft.stained_glass":8,"stat.damageDealt":49359,"stat.craftItem.minecraft.glass":211,"stat.craftItem.minecraft.bowl":4,"stat.sleepInBed":25,"stat.craftItem.minecraft.baked_potato":108,"stat.killEntity.Cow":16,"stat.useItem.minecraft.crafting_table":3,"stat.pickup.minecraft.minecart":11,"stat.killEntity.Pig":8,"stat.craftItem.minecraft.iron_sword":1,"stat.craftItem.minecraft.stone_shovel":3,"stat.walkOneCm":3519901,"stat.useItem.quark.custom_chest":2,"stat.pickup.minecraft.stick":40,"stat.craftItem.quark.custom_chest":2,"stat.pickup.techguns.t1_miner_boots":2,"stat.pickup.minecraft.clay_ball":45,"stat.pickup.charm.nether_gold_deposit":1,"stat.pickup.securitycraft.reinforced_stone_brick":4,"stat.pickup.techguns.goldenrevolver":1,"stat.pickup.quark.root_flower":1,"stat.pickup.minecraft.stone":201,"stat.mineBlock.minecraft.wool":1,"stat.useItem.minecraft.leaves":23,"stat.craftItem.minecraft.minecart":1,"stat.drop.nocubessrparmory.gorepart":5,"stat.pickup.minecraft.gold_ingot":4,"stat.killEntity.Skeleton":18,"stat.killEntity.Chicken":1,"stat.killEntity.Spider":21,"stat.pickup.minecraft.bread":18,"stat.mineBlock.minecraft.quartz_ore":13,"stat.pickup.minecraft.quartz":20,"stat.craftItem.minecraft.fence":57,"stat.useItem.minecraft.golden_apple":2,"stat.pickup.minecraft.water_bucket":9,"stat.mineBlock.minecraft.leaves":163,"stat.mineBlock.srparasites.parasitecanister":21,"stat.mineBlock.minecraft.redstone_ore":34,"stat.pickup.minecraft.lava_bucket":2,"stat.mineBlock.minecraft.stone":3250}