{"stat.useItem.minecraft.bow":10,"stat.pickup.spartanweaponry.club_wood":1,"stat.leaveGame":27,"stat.pickup.charm.record_hal3":1,"stat.entityKilledBy.techguns.ZombieMiner":2,"stat.craftItem.minecraft.iron_axe":2,"stat.pickup.tombstone.familiar_stone":1,"stat.mineBlock.minecraft.stained_glass":46,"stat.useItem.minecraft.mutton":1,"stat.pickup.minecraft.fishing_rod":1,"stat.drop.quark.glass_shards":61,"stat.useItem.minecraft.planks":2,"stat.mineBlock.minecraft.web":3,"stat.drop.minecraft.bowl":1,"stat.pickup.minecraft.porkchop":55,"stat.useItem.minecraft.water_bucket":13,"stat.pickup.minecraft.rotten_flesh":74,"stat.craftItem.minecraft.stone_axe":1,"stat.useItem.spartanweaponry.club_wood":48,"stat.pickup.minecraft.bucket":1,"stat.pickup.minecraft.wooden_hoe":1,"stat.pickup.quark.rune":1,"stat.killEntity.techguns.ZombieFarmer":11,"stat.pickup.quark.tallow":49,"stat.craftItem.spartanshields.shield_basic_wood":3,"stat.useItem.minecraft.iron_pickaxe":559,"stat.pickup.minecraft.stained_hardened_clay":131,"stat.craftItem.minecraft.wooden_pickaxe":1,"stat.craftItem.minecraft.bed":2,"stat.pickup.spartanweaponry.greatsword_iron":3,"stat.drop.minecraft.rail":2,"stat.mineBlock.minecraft.vine":3,"stat.pickup.techguns.basicore":25,"stat.furnaceInteraction":98,"stat.craftItem.spartanweaponry.material":3,"stat.mineBlock.futuremc.cornflower":2,"stat.pickup.srparasites.lurecomponent3":6,"stat.pickup.srparasites.lurecomponent1":13,"stat.pickup.minecraft.filled_map":1,"stat.pickup.minecraft.beef":12,"stat.pickup.minecraft.furnace":8,"stat.drop.minecraft.stained_hardened_clay":1,"stat.useItem.charm.suspicious_soup":1,"stat.pickup.minecraft.hay_block":1,"stat.mineBlock.minecraft.stained_hardened_clay":74,"stat.pickup.minecraft.iron_chestplate":4,"stat.pickup.tombstone.magic_scroll":4,"stat.pickup.minecraft.potion":2,"stat.useItem.minecraft.wheat_seeds":14,"stat.useItem.minecraft.dye":38,"stat.pickup.charm.totem_of_shielding":1,"stat.deaths":21,"stat.pickup.spartanshields.shield_basic_obsidian":2,"stat.pickup.minecraft.egg":19,"stat.playOneMinute":435021,"stat.pickup.techguns.handcannon":5,"stat.drop.minecraft.string":2,"stat.pickup.techguns.t1_miner_helmet":1,"stat.craftItem.minecraft.iron_pickaxe":3,"stat.pickup.minecraft.iron_bars":4,"stat.mineBlock.minecraft.tallgrass":44,"stat.chestOpened":103,"stat.useItem.minecraft.stone":1,"stat.drop.srparasites.lurecomponent3":2,"stat.pickup.minecraft.arrow":45,"stat.pickup.charm.charged_emerald":1,"stat.pickup.minecraft.gold_nugget":4,"stat.craftItem.minecraft.coal":1,"stat.fallOneCm":87928,"stat.pickup.minecraft.carrot":50,"stat.crouchOneCm":363,"stat.pickup.minecraft.rail":2,"stat.craftItem.minecraft.iron_ingot":118,"stat.pickup.minecraft.red_mushroom":1,"stat.useItem.nocubessrpsurvival.flesheater":241,"stat.craftingTableInteraction":76,"stat.pickup.minecraft.feather":11,"stat.killEntity.techguns.ZombieMiner":8,"stat.useItem.minecraft.furnace":1,"stat.pickup.minecraft.dye":19,"stat.pickup.minecraft.planks":3,"stat.pickup.minecraft.iron_leggings":5,"stat.pickup.minecraft.wheat_seeds":35,"stat.pickup.spartanweaponry.boomerang_iron":1,"stat.pickup.techguns.t1_miner_chestplate":1,"stat.useItem.minecraft.stone_pickaxe":130,"stat.mineBlock.minecraft.glass":8,"stat.craftItem.minecraft.iron_leggings":3,"stat.craftItem.spartanweaponry.club_wood":2,"stat.mineBlock.minecraft.dirt":246,"stat.useItem.minecraft.iron_bars":1,"stat.useItem.minecraft.torch":207,"stat.useItem.minecraft.bread":17,"stat.pickup.minecraft.golden_apple":1,"stat.pickup.minecraft.crafting_table":19,"stat.useItem.minecraft.cobblestone":117,"stat.mineBlock.techguns.basicore":17,"stat.craftItem.minecraft.crafting_table":1,"stat.mineBlock.minecraft.double_plant":2,"stat.craftItem.minecraft.boat":1,"stat.pickup.minecraft.iron_hoe":1,"stat.pickup.minecraft.log":78,"stat.pickup.minecraft.iron_pickaxe":5,"stat.pickup.usefulbackpacks.backpack":5,"stat.craftItem.usefulbackpacks.backpack":2,"stat.pickup.minecraft.sapling":4,"stat.pickup.minecraft.apple":24,"stat.mineBlock.overlast.red_leaves":6,"stat.craftItem.minecraft.bucket":2,"stat.craftItem.minecraft.planks":128,"stat.pickup.futuremc.cornflower":1,"stat.drop.futuremc.cornflower":1,"stat.pickup.minecraft.book":104,"stat.mineBlock.minecraft.log":55,"stat.useItem.minecraft.stone_hoe":58,"stat.pickup.minecraft.iron_door":3,"stat.pickup.minecraft.red_flower":3,"stat.sneakTime":925,"stat.pickup.minecraft.wool":14,"stat.pickup.minecraft.chest":1,"stat.pickup.minecraft.bone":54,"stat.useItem.minecraft.iron_axe":61,"stat.drop.techguns.t1_miner_helmet":1,"stat.mineBlock.minecraft.cobblestone":10,"stat.pickup.minecraft.stone_pickaxe":2,"stat.pickup.minecraft.leather_chestplate":1,"stat.mineBlock.srparasites.gore":8,"stat.craftItem.minecraft.wool":11,"stat.mineBlock.minecraft.stained_glass_pane":27,"stat.mineBlock.charm.crate_sealed":4,"stat.useItem.spartanweaponry.greatsword_iron":491,"stat.swimOneCm":24759,"stat.pickup.quark.glass_shards":197,"stat.climbOneCm":92266,"stat.pickup.minecraft.enchanted_book":2,"stat.pickup.capsule.capsule":4,"stat.pickup.spartanshields.shield_basic_iron":2,"stat.pickup.minecraft.cooked_porkchop":1,"stat.mineBlock.quark.roots":2,"stat.useItem.minecraft.dirt":68,"stat.pickup.minecraft.golden_helmet":1,"stat.useItem.minecraft.stone_slab2":79,"stat.pickup.minecraft.bow":2,"stat.pickup.minecraft.iron_boots":1,"stat.pickup.minecraft.stone_hoe":1,"stat.craftItem.minecraft.furnace":2,"stat.pickup.minecraft.enchanting_table":2,"stat.useItem.minecraft.egg":1,"stat.craftItem.spartanshields.shield_basic_iron":1,"stat.craftItem.minecraft.stone_pickaxe":1,"stat.craftItem.minecraft.cooked_beef":6,"stat.mineBlock.minecraft.obsidian":8,"stat.pickup.minecraft.cobblestone":395,"stat.craftItem.minecraft.bow":2,"stat.pickup.charm.record_nuance2":1,"stat.pickup.futuremc.sweet_berries":30,"stat.useItem.minecraft.stone_shovel":110,"stat.flyOneCm":930750,"stat.drop.quark.rune":1,"stat.drop.minecraft.wheat_seeds":3,"stat.useItem.minecraft.cooked_beef":75,"stat.pickup.minecraft.redstone":25,"stat.mineBlock.minecraft.iron_ore":105,"stat.timeSinceDeath":36884,"stat.drop.minecraft.spider_eye":1,"stat.pickup.minecraft.mutton":9,"stat.useItem.minecraft.potato":15,"stat.pickup.minecraft.wooden_axe":2,"stat.pickup.minecraft.stonebrick":1,"stat.mineBlock.minecraft.enchanting_table":2,"stat.drop.minecraft.dirt":2,"stat.useItem.minecraft.cooked_porkchop":5,"stat.mineBlock.minecraft.coal_ore":225,"stat.killEntity.Creeper":3,"stat.craftItem.minecraft.stone_hoe":1,"stat.pickup.minecraft.string":50,"stat.pickup.spartanweaponry.material":1,"stat.mineBlock.minecraft.ladder":2,"stat.pickup.tombstone.crafting_ingredient":7,"stat.useItem.minecraft.milk_bucket":2,"stat.entityKilledBy.Skeleton":2,"stat.pickup.nocubessrpsurvival.redflesh":21,"stat.craftItem.minecraft.stone_slab2":0,"stat.killEntity.Squid":1,"stat.sprintOneCm":1009310,"stat.craftItem.minecraft.stick":76,"stat.useItem.minecraft.stone_slab":5,"stat.useItem.carryon.tile_item":3,"stat.mineBlock.minecraft.diamond_ore":12,"stat.pickup.nocubessrpnests.organicsample":48,"stat.mineBlock.minecraft.crafting_table":17,"stat.pickup.charm.suspicious_soup":1,"stat.useItem.minecraft.diamond_pickaxe":21,"stat.useItem.minecraft.carrot":40,"stat.drop":46,"stat.craftItem.spartanshields.shield_basic_stone":1,"stat.useItem.minecraft.wooden_sword":58,"stat.killEntity.Sheep":6,"stat.craftItem.minecraft.diamond_pickaxe":2,"stat.craftItem.spartanweaponry.greatsword_iron":2,"stat.killEntity.Zombie":65,"stat.craftItem.minecraft.dye":42,"stat.diveOneCm":28337,"stat.pickup.minecraft.wheat":12,"stat.drop.minecraft.wooden_pickaxe":1,"stat.drop.minecraft.cooked_beef":6,"stat.craftItem.minecraft.cooked_porkchop":4,"stat.useItem.minecraft.apple":13,"stat.pickup.minecraft.obsidian":13,"stat.craftItem.spartanshields.shield_basic_obsidian":1,"stat.useItem.minecraft.rotten_flesh":63,"stat.drop.minecraft.apple":7,"stat.jump":4846,"stat.pickup.minecraft.coal":422,"stat.pickup.minecraft.iron_helmet":3,"stat.pickup.minecraft.iron_ingot":3,"stat.useItem.minecraft.stone_axe":32,"stat.pickup.minecraft.gunpowder":24,"stat.craftItem.minecraft.bread":10,"stat.pickup.minecraft.spider_eye":9,"stat.craftItem.minecraft.torch":220,"stat.craftItem.minecraft.iron_helmet":3,"stat.pickup.minecraft.dirt":310,"stat.pickup.minecraft.iron_ore":107,"stat.boatOneCm":24186,"stat.mineBlock.minecraft.iron_bars":4,"stat.mineBlock.minecraft.lapis_ore":1,"stat.pickup.minecraft.iron_axe":4,"stat.mineBlock.minecraft.glass_pane":8,"stat.brewingstandInteraction":2,"stat.damageTaken":24073,"stat.pickup.minecraft.leather":19,"stat.craftItem.nocubessrpsurvival.flesheater":1,"stat.mineBlock.minecraft.furnace":6,"stat.mineBlock.minecraft.torch":6,"stat.mineBlock.minecraft.red_flower":1,"stat.useItem.minecraft.wooden_pickaxe":49,"stat.pickup.srparasites.ada_yelloweye_drop":1,"stat.mineBlock.minecraft.sapling":1,"stat.pickup.srparasites.assimilated_flesh":19,"stat.pickup.minecraft.reeds":18,"stat.pickup.minecraft.bed":5,"tombstone:undead_killed":69,"stat.pickup.minecraft.potato":17,"stat.entityKilledBy.Zombie":1,"stat.damageDealt":39914,"stat.sleepInBed":4,"stat.killEntity.Cow":11,"stat.killEntity.Pig":26,"stat.craftItem.minecraft.stone_slab":6,"stat.craftItem.minecraft.stone_shovel":1,"stat.pickup.minecraft.boat":1,"stat.pickup.techguns.itemshared":506,"stat.walkOneCm":1308637,"stat.pickup.minecraft.stick":15,"stat.pickup.minecraft.diamond_pickaxe":1,"stat.pickup.techguns.t1_miner_boots":7,"stat.pickup.minecraft.clay_ball":2,"stat.useItem.minecraft.lava_bucket":41,"stat.craftItem.minecraft.wheat":9,"stat.pickup.quark.root_flower":1,"stat.useItem.tombstone.gift":2,"stat.pickup.minecraft.stone":1,"stat.craftItem.minecraft.iron_chestplate":1,"stat.useItem.minecraft.stained_hardened_clay":49,"stat.pickup.minecraft.cooked_beef":57,"stat.pickup.minecraft.ladder":3,"stat.drop.srparasites.assimilated_flesh":2,"stat.killEntity.Skeleton":41,"stat.craftItem.techguns.itemshared":518,"stat.mineBlock.minecraft.stonebrick":8,"stat.mineBlock.srparasites.infestremain":1,"stat.killEntity.Spider":37,"stat.pickup.minecraft.bread":6,"stat.craftItem.techguns.t1_miner_boots":2,"stat.mobKills":296,"stat.mineBlock.minecraft.bookshelf":19,"stat.useItem.minecraft.golden_apple":2,"stat.useItem.minecraft.boat":1,"stat.pickup.minecraft.diamond":12,"stat.mineBlock.minecraft.leaves":26,"stat.pickup.minecraft.torch":161,"stat.mineBlock.minecraft.redstone_ore":1,"stat.pickup.minecraft.lava_bucket":2,"stat.mineBlock.minecraft.hay_block":1,"stat.mineBlock.minecraft.stone":248}