{"stat.useItem.minecraft.bow":10,"stat.pickup.spartanweaponry.club_wood":1,"stat.leaveGame":27,"stat.pickup.charm.record_hal3":1,"stat.entityKilledBy.techguns.ZombieMiner":3,"stat.craftItem.minecraft.iron_axe":2,"stat.pickup.tombstone.familiar_stone":1,"stat.mineBlock.minecraft.stained_glass":54,"stat.useItem.minecraft.mutton":5,"stat.pickup.minecraft.fishing_rod":1,"stat.drop.quark.glass_shards":94,"stat.useItem.minecraft.planks":18,"stat.mineBlock.minecraft.web":3,"stat.drop.minecraft.feather":1,"stat.drop.minecraft.bowl":1,"stat.pickup.minecraft.porkchop":65,"stat.useItem.minecraft.water_bucket":14,"stat.pickup.minecraft.rotten_flesh":80,"stat.craftItem.minecraft.stone_axe":1,"stat.useItem.spartanweaponry.club_wood":48,"stat.pickup.minecraft.bucket":1,"stat.pickup.minecraft.wooden_hoe":1,"stat.entityKilledBy.techguns.ZombieSoldier":1,"stat.pickup.minecraft.brown_mushroom":4,"stat.pickup.quark.rune":1,"stat.killEntity.techguns.ZombieFarmer":11,"stat.pickup.quark.tallow":60,"stat.craftItem.spartanshields.shield_basic_wood":3,"stat.useItem.minecraft.iron_pickaxe":559,"stat.pickup.minecraft.stained_hardened_clay":145,"stat.craftItem.minecraft.wooden_pickaxe":1,"stat.craftItem.minecraft.bed":3,"stat.pickup.spartanweaponry.greatsword_iron":3,"stat.drop.minecraft.rail":2,"stat.mineBlock.minecraft.vine":3,"stat.pickup.techguns.basicore":25,"stat.furnaceInteraction":115,"stat.craftItem.spartanweaponry.material":3,"stat.mineBlock.futuremc.cornflower":2,"stat.pickup.srparasites.lurecomponent3":6,"stat.pickup.srparasites.lurecomponent1":13,"stat.drop.minecraft.red_flower":1,"stat.pickup.minecraft.filled_map":1,"stat.pickup.minecraft.beef":12,"stat.pickup.minecraft.furnace":9,"stat.drop.minecraft.stained_hardened_clay":1,"stat.useItem.charm.suspicious_soup":1,"stat.pickup.minecraft.hay_block":1,"stat.mineBlock.minecraft.stained_hardened_clay":84,"stat.pickup.minecraft.iron_chestplate":4,"stat.pickup.tombstone.magic_scroll":4,"stat.pickup.minecraft.potion":2,"stat.pickup.futuremc.lily_of_the_valley":1,"stat.useItem.minecraft.wheat_seeds":14,"stat.useItem.minecraft.dye":38,"stat.pickup.charm.totem_of_shielding":1,"stat.deaths":23,"stat.pickup.spartanshields.shield_basic_obsidian":2,"stat.pickup.minecraft.egg":21,"stat.playOneMinute":492668,"stat.pickup.techguns.handcannon":5,"stat.drop.minecraft.string":2,"stat.pickup.techguns.t1_miner_helmet":1,"stat.craftItem.minecraft.iron_pickaxe":3,"stat.pickup.minecraft.iron_bars":8,"stat.mineBlock.minecraft.tallgrass":44,"stat.chestOpened":107,"stat.useItem.minecraft.stone":1,"stat.drop.srparasites.lurecomponent3":2,"stat.pickup.minecraft.arrow":50,"stat.pickup.techguns.t1_combat_leggings":2,"stat.pickup.charm.charged_emerald":1,"stat.pickup.minecraft.gold_nugget":4,"stat.craftItem.minecraft.coal":1,"stat.fallOneCm":109982,"stat.pickup.minecraft.carrot":50,"stat.crouchOneCm":388,"stat.pickup.minecraft.rail":2,"stat.craftItem.minecraft.iron_ingot":118,"stat.pickup.minecraft.red_mushroom":1,"stat.useItem.nocubessrpsurvival.flesheater":287,"stat.mineBlock.futuremc.lily_of_the_valley":1,"stat.craftingTableInteraction":77,"stat.pickup.minecraft.feather":14,"stat.useItem.futuremc.sweet_berries":4,"stat.killEntity.techguns.ZombieMiner":8,"stat.useItem.minecraft.furnace":1,"stat.pickup.minecraft.dye":19,"stat.pickup.minecraft.planks":3,"stat.pickup.minecraft.iron_leggings":5,"stat.pickup.minecraft.wheat_seeds":38,"stat.pickup.spartanweaponry.boomerang_iron":1,"stat.pickup.techguns.t1_miner_chestplate":1,"stat.useItem.minecraft.stone_pickaxe":130,"stat.mineBlock.minecraft.glass":12,"stat.craftItem.minecraft.iron_leggings":3,"stat.craftItem.spartanweaponry.club_wood":2,"stat.mineBlock.minecraft.dirt":257,"stat.useItem.minecraft.iron_bars":1,"stat.useItem.minecraft.torch":242,"stat.useItem.minecraft.bread":17,"stat.pickup.minecraft.golden_apple":1,"stat.pickup.minecraft.crafting_table":19,"stat.useItem.minecraft.cobblestone":117,"stat.mineBlock.techguns.basicore":17,"stat.craftItem.minecraft.crafting_table":1,"stat.mineBlock.minecraft.double_plant":2,"stat.craftItem.minecraft.boat":1,"stat.pickup.minecraft.iron_hoe":1,"stat.pickup.minecraft.log":83,"stat.pickup.minecraft.iron_pickaxe":5,"stat.pickup.usefulbackpacks.backpack":5,"stat.craftItem.usefulbackpacks.backpack":2,"stat.drop.minecraft.sapling":2,"stat.pickup.minecraft.sapling":7,"stat.pickup.minecraft.apple":24,"stat.mineBlock.overlast.red_leaves":6,"stat.craftItem.minecraft.bucket":2,"stat.craftItem.minecraft.planks":168,"stat.pickup.futuremc.cornflower":1,"stat.drop.futuremc.cornflower":1,"stat.pickup.minecraft.book":116,"stat.mineBlock.minecraft.log":60,"stat.useItem.minecraft.stone_hoe":58,"stat.pickup.minecraft.iron_door":3,"stat.pickup.minecraft.red_flower":4,"stat.sneakTime":956,"stat.pickup.minecraft.wool":17,"stat.pickup.minecraft.chest":1,"stat.pickup.minecraft.bone":57,"stat.useItem.minecraft.iron_axe":65,"stat.drop.techguns.t1_miner_helmet":1,"stat.mineBlock.minecraft.cobblestone":10,"stat.pickup.minecraft.stone_pickaxe":2,"stat.pickup.minecraft.leather_chestplate":1,"stat.mineBlock.srparasites.gore":8,"stat.craftItem.minecraft.wool":11,"stat.mineBlock.minecraft.stained_glass_pane":37,"stat.mineBlock.charm.crate_sealed":4,"stat.useItem.spartanweaponry.greatsword_iron":491,"stat.swimOneCm":31412,"stat.pickup.quark.glass_shards":308,"stat.climbOneCm":98774,"stat.pickup.minecraft.enchanted_book":2,"stat.pickup.capsule.capsule":4,"stat.pickup.spartanshields.shield_basic_iron":2,"stat.pickup.minecraft.cooked_porkchop":1,"stat.mineBlock.quark.roots":2,"stat.useItem.minecraft.dirt":80,"stat.pickup.minecraft.golden_helmet":1,"stat.useItem.minecraft.stone_slab2":90,"stat.pickup.minecraft.bow":2,"stat.pickup.minecraft.iron_boots":1,"stat.pickup.minecraft.stone_hoe":1,"stat.craftItem.minecraft.furnace":2,"stat.pickup.minecraft.enchanting_table":2,"stat.useItem.minecraft.egg":3,"stat.craftItem.spartanshields.shield_basic_iron":1,"stat.craftItem.minecraft.stone_pickaxe":1,"stat.craftItem.minecraft.cooked_beef":6,"stat.mineBlock.minecraft.obsidian":8,"stat.pickup.minecraft.cobblestone":395,"stat.craftItem.minecraft.bow":2,"stat.pickup.charm.record_nuance2":1,"stat.pickup.futuremc.sweet_berries":50,"stat.useItem.minecraft.stone_shovel":110,"stat.flyOneCm":1216474,"stat.drop.quark.rune":1,"stat.drop.minecraft.wheat_seeds":3,"stat.useItem.minecraft.cooked_beef":75,"stat.pickup.minecraft.redstone":25,"stat.mineBlock.minecraft.iron_ore":105,"stat.timeSinceDeath":29154,"stat.drop.minecraft.spider_eye":1,"stat.pickup.minecraft.mutton":13,"stat.useItem.minecraft.potato":15,"stat.pickup.minecraft.wooden_axe":2,"stat.pickup.minecraft.stonebrick":1,"stat.mineBlock.minecraft.enchanting_table":2,"stat.drop.minecraft.dirt":2,"stat.useItem.minecraft.cooked_porkchop":12,"stat.mineBlock.minecraft.coal_ore":225,"stat.killEntity.Creeper":3,"stat.craftItem.minecraft.stone_hoe":1,"stat.pickup.minecraft.string":69,"stat.pickup.spartanweaponry.material":1,"stat.mineBlock.minecraft.ladder":2,"stat.pickup.tombstone.crafting_ingredient":7,"stat.useItem.minecraft.milk_bucket":2,"stat.entityKilledBy.Skeleton":2,"stat.pickup.nocubessrpsurvival.redflesh":29,"stat.craftItem.minecraft.stone_slab2":0,"stat.killEntity.Squid":1,"stat.sprintOneCm":1210047,"stat.craftItem.minecraft.stick":88,"stat.useItem.minecraft.stone_slab":5,"stat.useItem.carryon.tile_item":3,"stat.mineBlock.minecraft.diamond_ore":12,"stat.pickup.nocubessrpnests.organicsample":48,"stat.mineBlock.minecraft.crafting_table":17,"stat.pickup.charm.suspicious_soup":1,"stat.useItem.minecraft.diamond_pickaxe":45,"stat.useItem.minecraft.carrot":40,"stat.drop":53,"stat.craftItem.spartanshields.shield_basic_stone":1,"stat.useItem.minecraft.wooden_sword":58,"stat.killEntity.Sheep":6,"stat.craftItem.minecraft.diamond_pickaxe":2,"stat.craftItem.spartanweaponry.greatsword_iron":2,"stat.killEntity.Zombie":66,"stat.craftItem.minecraft.dye":42,"stat.diveOneCm":43457,"stat.pickup.minecraft.wheat":12,"stat.drop.minecraft.wooden_pickaxe":1,"stat.drop.minecraft.cooked_beef":6,"stat.craftItem.minecraft.cooked_porkchop":39,"stat.useItem.minecraft.apple":13,"stat.pickup.minecraft.obsidian":13,"stat.craftItem.spartanshields.shield_basic_obsidian":1,"stat.useItem.minecraft.rotten_flesh":68,"stat.drop.minecraft.apple":7,"stat.jump":6139,"stat.pickup.minecraft.coal":422,"stat.pickup.minecraft.iron_helmet":3,"stat.pickup.minecraft.iron_ingot":4,"stat.useItem.minecraft.stone_axe":32,"stat.pickup.minecraft.gunpowder":24,"stat.craftItem.minecraft.bread":10,"stat.pickup.minecraft.spider_eye":17,"stat.craftItem.minecraft.torch":268,"stat.craftItem.minecraft.iron_helmet":3,"stat.pickup.minecraft.dirt":321,"stat.pickup.minecraft.iron_ore":107,"stat.boatOneCm":24186,"stat.mineBlock.minecraft.iron_bars":8,"stat.mineBlock.minecraft.lapis_ore":1,"stat.pickup.minecraft.iron_axe":4,"stat.mineBlock.minecraft.glass_pane":10,"stat.brewingstandInteraction":2,"stat.damageTaken":25336,"stat.pickup.minecraft.leather":19,"stat.craftItem.nocubessrpsurvival.flesheater":1,"stat.mineBlock.minecraft.furnace":7,"stat.mineBlock.minecraft.torch":7,"stat.mineBlock.minecraft.red_flower":1,"stat.useItem.minecraft.wooden_pickaxe":49,"stat.pickup.srparasites.ada_yelloweye_drop":1,"stat.mineBlock.minecraft.sapling":1,"stat.pickup.srparasites.assimilated_flesh":21,"stat.pickup.minecraft.reeds":18,"stat.pickup.minecraft.bed":6,"tombstone:undead_killed":74,"stat.pickup.minecraft.potato":17,"stat.entityKilledBy.Zombie":1,"stat.damageDealt":42533,"stat.sleepInBed":6,"stat.killEntity.Cow":11,"stat.killEntity.Pig":32,"stat.craftItem.minecraft.stone_slab":6,"stat.craftItem.minecraft.stone_shovel":1,"stat.pickup.minecraft.boat":1,"stat.pickup.techguns.itemshared":506,"stat.walkOneCm":1619014,"stat.pickup.minecraft.stick":15,"stat.pickup.minecraft.diamond_pickaxe":1,"stat.pickup.techguns.t1_miner_boots":7,"stat.pickup.minecraft.clay_ball":2,"stat.useItem.minecraft.lava_bucket":46,"stat.craftItem.minecraft.wheat":9,"stat.pickup.quark.root_flower":1,"stat.useItem.tombstone.gift":2,"stat.pickup.minecraft.stone":1,"stat.craftItem.minecraft.iron_chestplate":1,"stat.useItem.minecraft.stained_hardened_clay":52,"stat.pickup.minecraft.cooked_beef":57,"stat.pickup.minecraft.ladder":3,"stat.drop.srparasites.assimilated_flesh":2,"stat.killEntity.Skeleton":45,"stat.craftItem.techguns.itemshared":518,"stat.mineBlock.minecraft.stonebrick":8,"stat.mineBlock.srparasites.infestremain":1,"stat.killEntity.Spider":52,"stat.pickup.minecraft.bread":6,"stat.craftItem.techguns.t1_miner_boots":2,"stat.mobKills":329,"stat.mineBlock.minecraft.bookshelf":23,"stat.useItem.minecraft.golden_apple":2,"stat.useItem.minecraft.boat":1,"stat.pickup.minecraft.diamond":12,"stat.mineBlock.minecraft.leaves":38,"stat.pickup.minecraft.torch":163,"stat.mineBlock.minecraft.redstone_ore":1,"stat.pickup.minecraft.lava_bucket":2,"stat.mineBlock.minecraft.hay_block":1,"stat.mineBlock.minecraft.stone":248}