{"stat.mineBlock.quark.roots_white_flower":3,"stat.useItem.minecraft.bow":2,"stat.pickup.minecraft.wooden_slab":2,"stat.leaveGame":39,"stat.drop.minecraft.redstone":4,"stat.pickup.tombstone.familiar_stone":1,"stat.mineBlock.minecraft.stained_glass":5,"stat.drop.nocubessrpsurvival.flesheater":1,"stat.pickup.minecraft.rotten_flesh":42,"stat.craftItem.minecraft.stone_axe":1,"stat.pickup.minecraft.cobblestone_wall":4,"stat.pickup.minecraft.bucket":1,"stat.useItem.srparasites.parasitecanister":1,"stat.killEntity.Enderman":1,"stat.mineBlock.minecraft.wooden_slab":1,"stat.mineBlock.minecraft.emerald_block":2,"stat.killEntity.Witch":4,"stat.pickup.quark.tallow":126,"stat.craftItem.nocubessrparmory.pestilentarmorlegs":1,"stat.useItem.minecraft.iron_pickaxe":307,"stat.pickup.securitycraft.universal_block_remover":3,"stat.pickup.minecraft.stained_hardened_clay":57,"stat.craftItem.minecraft.wooden_pickaxe":1,"stat.craftItem.minecraft.iron_door":3,"stat.useItem.minecraft.iron_shovel":90,"stat.drop.minecraft.cooked_mutton":3,"stat.craftItem.minecraft.bed":2,"stat.pickup.techguns.basicore":62,"stat.furnaceInteraction":78,"stat.drop.minecraft.gravel":6,"stat.mineBlock.minecraft.rail":1,"stat.pickup.minecraft.beef":38,"stat.pickup.nocubessrparmory.pestilentarmorlegs":1,"stat.pickup.minecraft.leather_helmet":1,"stat.mineBlock.minecraft.stained_hardened_clay":18,"stat.useItem.minecraft.stained_glass":5,"stat.pickup.tombstone.gift":1,"stat.pickup.minecraft.potion":9,"stat.pickup.minecraft.emerald":16,"stat.pickup.securitycraft.universal_block_reinforcer_lvl1":1,"stat.mineBlock.quark.crystal":67,"stat.useItem.minecraft.beef":6,"stat.craftItem.nocubessrparmory.gorearmorbody":1,"stat.deaths":17,"stat.pickup.minecraft.bowl":4,"stat.craftItem.futuremc.blast_furnace":1,"stat.pickup.techguns.t1_miner_helmet":2,"stat.craftItem.minecraft.iron_pickaxe":2,"stat.pickup.minecraft.glass_pane":13,"stat.drop.minecraft.iron_ingot":3,"stat.drop.minecraft.torch":4,"stat.mineBlock.minecraft.tallgrass":42,"stat.craftItem.minecraft.cooked_mutton":5,"stat.chestOpened":456,"stat.useItem.minecraft.stone":1,"stat.pickup.minecraft.arrow":81,"stat.drop.minecraft.iron_pickaxe":1,"stat.pickup.minecraft.carrot":61,"stat.crouchOneCm":144291,"stat.mineBlock.minecraft.chest":14,"stat.craftItem.minecraft.diamond":36,"stat.pickup.minecraft.rail":12,"stat.craftItem.minecraft.iron_ingot":273,"stat.useItem.quark.root_flower":8,"stat.craftingTableInteraction":81,"stat.pickup.minecraft.wooden_pickaxe":3,"stat.useItem.futuremc.sweet_berries":10,"stat.pickup.minecraft.dye":107,"stat.pickup.minecraft.planks":179,"stat.drop.minecraft.minecart":3,"stat.craftItem.minecraft.diamond_shovel":1,"stat.pickup.minecraft.wheat_seeds":82,"stat.mineBlock.minecraft.dirt":82,"stat.craftItem.nocubessrparmory.pestilentarmorboots":1,"stat.useItem.minecraft.bread":3,"stat.useItem.minecraft.cobblestone":282,"stat.pickup.minecraft.magma":7,"stat.useItem.minecraft.gravel":14,"stat.mineBlock.minecraft.double_plant":1,"stat.minecartOneCm":404103,"stat.pickup.securitycraft.reinforced_stone":17,"stat.pickup.minecraft.iron_pickaxe":2,"stat.drop.minecraft.iron_ore":15,"stat.pickup.futuremc.blast_furnace":2,"stat.drop.minecraft.carrot":10,"stat.craftItem.nocubessrparmory.rawcarbonsteel":1,"stat.craftItem.minecraft.gold_ingot":66,"stat.drop.minecraft.sapling":3,"stat.pickup.minecraft.chicken":2,"stat.pickup.minecraft.apple":23,"stat.craftItem.securitycraft.door_indestructible_iron_item":2,"stat.craftItem.minecraft.bucket":3,"stat.craftItem.minecraft.planks":340,"stat.useItem.minecraft.iron_sword":39,"stat.useItem.securitycraft.universal_block_remover":69,"stat.pickup.minecraft.stone_sword":4,"stat.pickup.minecraft.book":180,"stat.useItem.minecraft.stonebrick":5,"stat.mineBlock.minecraft.log":79,"stat.pickup.minecraft.wool":15,"stat.useItem.minecraft.wooden_axe":19,"stat.craftItem.nocubessrparmory.pestilentarmorbody":1,"stat.craftItem.nocubessrparmory.gorearmorhelmet":1,"stat.craftItem.nocubessrparmory.pestilentarmorhelmet":1,"stat.craftItem.nocubessrparmory.gorearmorboots":1,"stat.craftItem.minecraft.diamond_leggings":1,"stat.mineBlock.minecraft.acacia_stairs":2,"stat.useItem.minecraft.iron_axe":229,"stat.mineBlock.minecraft.cobblestone":17,"stat.mineBlock.minecraft.pumpkin":6,"stat.pickup.minecraft.stone_pickaxe":4,"stat.useItem.techguns.basicore":4,"stat.mineBlock.minecraft.yellow_flower":2,"stat.pickup.minecraft.leather_chestplate":1,"stat.mineBlock.srparasites.gore":29,"stat.craftItem.minecraft.wool":6,"stat.mineBlock.minecraft.stained_glass_pane":7,"stat.drop.minecraft.cobblestone":25,"stat.craftItem.nocubessrparmory.gorehatchet":1,"stat.pickup.minecraft.cooked_porkchop":18,"stat.killEntity.techguns.ZombieSoldier":1,"stat.useItem.minecraft.stone_slab2":133,"stat.pickup.minecraft.bow":9,"stat.pickup.minecraft.iron_boots":1,"stat.pickup.minecraft.diamond_horse_armor":1,"stat.pickup.securitycraft.reinforced_stairs_cobblestone":1,"stat.craftItem.minecraft.iron_boots":1,"stat.craftItem.futuremc.smooth_stone":4,"stat.craftItem.minecraft.bow":2,"stat.pickup.futuremc.sweet_berries":34,"stat.flyOneCm":804210,"stat.craftItem.minecraft.stained_glass":6,"stat.timeSinceDeath":121091,"stat.craftItem.minecraft.stonebrick":4,"stat.useItem.minecraft.potato":4,"stat.mineBlock.minecraft.enchanting_table":4,"stat.mineBlock.minecraft.coal_ore":176,"stat.pickup.minecraft.wooden_sword":2,"stat.pickup.minecraft.string":77,"stat.mineBlock.minecraft.ladder":2,"stat.drop.usefulbackpacks.backpack":2,"stat.pickup.tombstone.crafting_ingredient":11,"stat.pickup.nocubessrpsurvival.redflesh":10,"stat.drop.minecraft.obsidian":2,"stat.sprintOneCm":1283942,"stat.useItem.minecraft.diamond_shovel":211,"stat.mineBlock.minecraft.stone_slab":1,"stat.craftItem.minecraft.wooden_axe":1,"stat.drop.techguns.basicore":2,"stat.pickup.ic2.resource":59,"stat.useItem.tombstone.magic_scroll":5,"stat.useItem.carryon.tile_item":11,"stat.mineBlock.minecraft.diamond_ore":67,"stat.useItem.minecraft.snowball":207,"stat.mineBlock.futuremc.grindstone":1,"stat.pickup.minecraft.leather_leggings":2,"stat.useItem.minecraft.wooden_sword":61,"stat.useItem.minecraft.ladder":1,"stat.pickup.minecraft.iron_block":22,"stat.killEntity.Zombie":26,"stat.pickup.minecraft.snowball":207,"stat.mineBlock.minecraft.gold_ore":10,"stat.diveOneCm":54046,"stat.drop.minecraft.diamond_pickaxe":1,"stat.pickup.minecraft.wheat":72,"stat.mineBlock.minecraft.mossy_cobblestone":3,"stat.killEntity.techguns.PsychoSteve":1,"stat.craftItem.minecraft.cooked_porkchop":38,"stat.useItem.minecraft.chicken":1,"stat.pickup.minecraft.stone_axe":5,"stat.pickup.minecraft.obsidian":2,"stat.useItem.minecraft.rotten_flesh":1,"stat.jump":5107,"stat.pickup.minecraft.coal":302,"stat.pickup.minecraft.iron_ingot":116,"stat.pickup.minecraft.gunpowder":117,"stat.craftItem.minecraft.torch":156,"stat.pickup.minecraft.dirt":93,"stat.pickup.minecraft.stone_shovel":2,"stat.pickup.minecraft.gold_ore":26,"stat.mineBlock.minecraft.lapis_ore":14,"stat.pickup.minecraft.iron_axe":2,"stat.craftItem.futuremc.grindstone":1,"stat.mineBlock.minecraft.glass_pane":4,"stat.damageTaken":20214,"stat.mineBlock.minecraft.torch":23,"stat.mineBlock.minecraft.melon_block":15,"stat.mineBlock.minecraft.sapling":3,"stat.pickup.srparasites.assimilated_flesh":19,"stat.pickup.minecraft.bed":16,"stat.pickup.minecraft.acacia_fence":24,"stat.pickup.minecraft.potato":67,"stat.drop.techguns.itemshared":46,"stat.pickup.techguns.itemshared":186,"stat.useItem.minecraft.chest":7,"stat.useItem.minecraft.lava_bucket":5,"stat.pickup.futuremc.grindstone":1,"stat.useItem.minecraft.melon":49,"stat.craftItem.nocubessrparmory.gorepart":20,"stat.useItem.tombstone.gift":1,"stat.craftItem.minecraft.iron_chestplate":2,"stat.useItem.minecraft.stained_hardened_clay":4,"stat.pickup.minecraft.ender_pearl":3,"stat.pickup.minecraft.cooked_beef":51,"stat.pickup.minecraft.ladder":4,"stat.craftItem.minecraft.bookshelf":28,"stat.craftItem.techguns.itemshared":45,"stat.mineBlock.minecraft.stonebrick":44,"stat.mineBlock.futuremc.stonecutter":1,"stat.killEntity.quark:dweller":1,"stat.mobKills":221,"stat.mineBlock.minecraft.bookshelf":27,"stat.craftItem.minecraft.shears":2,"stat.useItem.minecraft.mossy_cobblestone":2,"stat.useItem.minecraft.cobblestone_wall":2,"stat.pickup.minecraft.diamond":118,"stat.pickup.minecraft.torch":29,"stat.drop.minecraft.stone_axe":1,"stat.useItem.minecraft.bookshelf":26,"stat.entityKilledBy.techguns.ZombieMiner":1,"stat.craftItem.minecraft.iron_axe":1,"stat.pickup.charm.record_nether3":1,"stat.useItem.minecraft.mutton":1,"stat.pickup.srparasites.parasitecanister":29,"stat.drop.quark.glass_shards":6,"stat.useItem.minecraft.planks":34,"stat.pickup.minecraft.glowstone_dust":2,"stat.pickup.minecraft.porkchop":50,"stat.pickup.minecraft.glass":4,"stat.pickup.minecraft.sand":209,"stat.entityKilledBy.Spider":1,"stat.craftItem.minecraft.stone_sword":1,"stat.mineBlock.minecraft.snow_layer":102,"stat.mineBlock.minecraft.sand":127,"stat.pickup.securitycraft.reinforced_cobblestone":466,"stat.pickup.quark.rune":2,"stat.killEntity.techguns.ZombieFarmer":13,"stat.useItem.securitycraft.reinforced_cobblestone":53,"stat.drop.minecraft.rail":10,"stat.pickup.srparasites.lurecomponent2":1,"stat.pickup.srparasites.lurecomponent3":5,"stat.pickup.srparasites.lurecomponent1":72,"stat.pickup.minecraft.wooden_button":1,"stat.pickup.srparasites.lurecomponent4":1,"stat.drop.charm.charged_emerald":1,"stat.pickup.quark.crystal":68,"stat.drop.minecraft.stone_slab":4,"stat.pickup.minecraft.furnace":32,"stat.useItem.minecraft.cooked_mutton":2,"stat.drop.minecraft.stained_hardened_clay":8,"stat.drop.minecraft.wooden_button":1,"stat.pickup.minecraft.iron_chestplate":1,"stat.pickup.tombstone.magic_scroll":7,"stat.pickup.minecraft.acacia_stairs":2,"stat.pickup.charm.totem_of_shielding":2,"stat.playOneMinute":413784,"stat.pickup.techguns.handcannon":5,"stat.drop.minecraft.string":2,"stat.pickup.minecraft.diamond_block":4,"stat.drop.techguns.handcannon":2,"stat.drop.minecraft.chest":2,"stat.pickup.minecraft.iron_bars":6,"stat.pickup.minecraft.pumpkin":12,"stat.recordPlayed":1,"stat.mineBlock.minecraft.ice":1,"stat.pickup.charm.charged_emerald":2,"stat.pickup.securitycraft.wire_cutters":1,"stat.mineBlock.minecraft.gold_block":6,"stat.fallOneCm":95502,"stat.pickup.minecraft.melon_seeds":1,"stat.pickup.minecraft.melon":113,"stat.useItem.minecraft.iron_hoe":3,"stat.useItem.nocubessrpsurvival.flesheater":112,"stat.pickup.techguns.revolver":1,"stat.pickup.minecraft.comparator":2,"stat.mineBlock.ic2.resource":16,"stat.killEntity.techguns.Bandit":2,"stat.pickup.minecraft.feather":4,"stat.craftItem.minecraft.wooden_button":1,"stat.pickup.minecraft.record_cat":4,"stat.killEntity.techguns.ZombieMiner":18,"stat.useItem.minecraft.furnace":18,"stat.pickup.minecraft.iron_leggings":2,"stat.pickup.futuremc.stonecutter":1,"stat.mineBlock.minecraft.gravel":30,"stat.useItem.minecraft.stone_pickaxe":80,"stat.useItem.minecraft.stone_sword":237,"stat.craftItem.minecraft.iron_leggings":2,"stat.useItem.minecraft.wool":6,"stat.drop.minecraft.iron_axe":1,"stat.useItem.minecraft.torch":146,"stat.drop.tombstone.crafting_ingredient":1,"stat.pickup.minecraft.crafting_table":14,"stat.useItem.minecraft.log":2,"stat.mineBlock.techguns.basicore":12,"stat.craftItem.minecraft.crafting_table":5,"stat.pickup.techguns.chainsaw":2,"stat.pickup.minecraft.iron_hoe":2,"stat.mineBlock.minecraft.emerald_ore":4,"stat.pickup.minecraft.log":83,"stat.drop.minecraft.stonebrick":1,"stat.mineBlock.minecraft.golden_rail":1,"stat.pickup.usefulbackpacks.backpack":9,"stat.drop.minecraft.planks":7,"stat.pickup.minecraft.sapling":14,"stat.pickup.minecraft.wooden_door":6,"stat.mineBlock.minecraft.iron_block":19,"stat.mineBlock.overlast.red_leaves":2,"stat.drop.securitycraft.universal_block_remover":3,"stat.useItem.nocubessrparmory.gorehatchet":140,"stat.sneakTime":52109,"stat.mineBlock.minecraft.cobblestone_wall":4,"stat.useItem.minecraft.baked_potato":28,"stat.pickup.minecraft.stone_slab":11,"stat.drop.minecraft.yellow_flower":2,"stat.pickup.minecraft.yellow_flower":4,"stat.drop.minecraft.wooden_axe":1,"stat.pickup.minecraft.chest":13,"stat.craftItem.minecraft.diamond_chestplate":1,"stat.pickup.minecraft.bone":137,"stat.pickup.minecraft.redstone_torch":2,"stat.drop.techguns.t1_miner_helmet":1,"stat.mineBlock.minecraft.acacia_fence":12,"stat.craftItem.minecraft.diamond_helmet":1,"stat.mineBlock.charm.crate_sealed":4,"stat.swimOneCm":38149,"stat.mineBlock.minecraft.diamond_block":3,"stat.pickup.quark.glass_shards":41,"stat.climbOneCm":29370,"stat.pickup.capsule.capsule":20,"stat.mineBlock.quark.roots":3,"stat.pickup.nocubessrparmory.pestilentarmorbody":1,"stat.useItem.minecraft.dirt":48,"stat.drop.securitycraft.reinforced_cobblestone":2,"stat.pickup.minecraft.enchanting_table":6,"stat.craftItem.minecraft.stone_pickaxe":1,"stat.mineBlock.minecraft.magma":7,"stat.pickup.minecraft.cobblestone":2127,"stat.pickup.minecraft.gold_block":12,"stat.pickup.quark.biome_cobblestone":2,"stat.mineBlock.quark.custom_chest":1,"stat.drop.minecraft.wheat_seeds":7,"stat.useItem.minecraft.cooked_beef":15,"stat.pickup.minecraft.redstone":236,"stat.mineBlock.minecraft.iron_ore":73,"stat.pickup.minecraft.mutton":27,"stat.pickup.minecraft.mossy_cobblestone":3,"stat.killEntity.techguns.SkeletonSoldier":2,"stat.drop.minecraft.coal":52,"stat.pickup.minecraft.wooden_axe":1,"stat.pickup.minecraft.stonebrick":87,"stat.drop.minecraft.dirt":11,"stat.useItem.minecraft.cooked_porkchop":34,"stat.craftItem.minecraft.stone_slab2":0,"stat.mineBlock.futuremc.blast_furnace":2,"stat.craftItem.minecraft.stick":92,"stat.drop.minecraft.potion":2,"stat.craftItem.securitycraft.wire_cutters":1,"stat.craftItem.minecraft.stone":30,"stat.pickup.techguns.t1_miner_leggings":2,"stat.craftItem.nocubessrparmory.carbonsteel":1,"stat.mineBlock.minecraft.crafting_table":17,"stat.useItem.minecraft.diamond_pickaxe":1472,"stat.useItem.minecraft.carrot":40,"stat.drop.capsule.capsule":17,"stat.mineBlock.minecraft.planks":7,"stat.drop":118,"stat.pickup.minecraft.stone_button":3,"stat.killEntity.Sheep":9,"stat.craftItem.minecraft.diamond_pickaxe":2,"stat.drop.minecraft.bread":4,"stat.pickup.techguns.t1_scout_leggings":1,"stat.craftItem.minecraft.jukebox":1,"stat.pickup.minecraft.gravel":45,"stat.useItem.minecraft.apple":12,"stat.mineBlock.quark.roots_black_flower":3,"stat.useItem.minecraft.porkchop":6,"stat.drop.minecraft.cooked_porkchop":6,"stat.pickup.minecraft.iron_helmet":3,"stat.useItem.minecraft.stone_axe":45,"stat.craftItem.minecraft.bread":4,"stat.pickup.minecraft.spider_eye":13,"stat.craftItem.minecraft.iron_helmet":2,"stat.drop.minecraft.bed":1,"stat.pickup.minecraft.iron_ore":164,"stat.craftItem.minecraft.flint_and_steel":1,"stat.pickup.nocubessrparmory.pestilentarmorhelmet":1,"stat.pickup.minecraft.leaves":64,"stat.pickup.quark.custom_chest":1,"stat.pickup.minecraft.leather":42,"stat.drop.minecraft.iron_hoe":1,"stat.craftItem.nocubessrpsurvival.flesheater":2,"stat.mineBlock.minecraft.furnace":28,"stat.useItem.minecraft.wooden_pickaxe":15,"stat.drop.minecraft.water_bucket":1,"tombstone:undead_killed":104,"stat.pickup.minecraft.emerald_block":15,"stat.damageDealt":35518,"stat.craftItem.minecraft.glass":5,"stat.sleepInBed":21,"stat.craftItem.minecraft.baked_potato":38,"stat.killEntity.Cow":5,"stat.mineBlock.quark.roots_blue_flower":2,"stat.useItem.minecraft.crafting_table":7,"stat.pickup.minecraft.minecart":17,"stat.killEntity.Pig":24,"stat.craftItem.minecraft.iron_sword":1,"stat.pickup.minecraft.boat":2,"stat.walkOneCm":482844,"stat.useItem.quark.custom_chest":1,"stat.pickup.minecraft.stick":94,"stat.pickup.techguns.t1_miner_boots":2,"stat.pickup.techguns.t1_combat_boots":3,"stat.pickup.techguns.goldenrevolver":1,"stat.pickup.quark.root_flower":10,"stat.mineBlock.minecraft.wool":2,"stat.useItem.minecraft.leaves":9,"stat.craftItem.minecraft.minecart":1,"stat.pickup.minecraft.gold_ingot":46,"stat.killEntity.Skeleton":54,"stat.killEntity.Chicken":2,"stat.mineBlock.minecraft.redstone_torch":5,"stat.killEntity.Spider":11,"stat.pickup.minecraft.bread":3,"stat.craftItem.nocubessrparmory.pestilentpart":28,"stat.drop.minecraft.filled_map":1,"stat.pickup.minecraft.water_bucket":4,"stat.mineBlock.minecraft.leaves":206,"stat.mineBlock.srparasites.parasitecanister":4,"stat.mineBlock.minecraft.redstone_ore":42,"stat.killEntity.quark:ashen":1,"stat.mineBlock.minecraft.stone":1185}