{"stat.walkOneCm":49611,"stat.leaveGame":5,"stat.damageTaken":1189,"stat.entityKilledBy.techguns.ZombieMiner":1,"stat.flyOneCm":92595,"stat.deaths":4,"stat.jump":491,"stat.swimOneCm":932,"stat.entityKilledBy.techguns.ZombieFarmer":1,"stat.mineBlock.minecraft.leaves":1,"stat.playOneMinute":39214,"stat.fallOneCm":14724,"stat.climbOneCm":8345,"stat.sneakTime":231,"stat.entityKilledBy.Skeleton":1,"stat.crouchOneCm":428,"stat.timeSinceDeath":3025,"stat.pickup.minecraft.dirt":2,"stat.useItem.minecraft.dirt":1,"stat.sprintOneCm":51194,"stat.mineBlock.minecraft.dirt":2,"stat.useItem.minecraft.stone_slab2":1,"stat.diveOneCm":32}